<?xml version="1.0" encoding="UTF-8"?><record_update table="sys_wizard_answer">
    <sys_wizard_answer action="INSERT_OR_UPDATE">
        <active>true</active>
        <answer>IOSXE-Events</answer>
        <button_label/>
        <dependent_value/>
        <element/>
        <name>IOSXE-Events</name>
        <next_question/>
        <order>100</order>
        <payload_name/>
        <question display_value="Task" name="Task">85dae995db120010fc011fc7689619f4</question>
        <roles/>
        <script/>
        <sys_class_name>sys_wizard_answer</sys_class_name>
        <sys_created_by>admin</sys_created_by>
        <sys_created_on>2020-01-20 23:20:44</sys_created_on>
        <sys_id>cca8d6d4db220010fc011fc768961910</sys_id>
        <sys_mod_count>0</sys_mod_count>
        <sys_name>IOSXE-Events</sys_name>
        <sys_package display_value="IOS-XE_Alert" source="x_305159_ios_xe_al">52c51a14db220010fc011fc768961950</sys_package>
        <sys_policy/>
        <sys_scope display_value="IOS-XE_Alert">52c51a14db220010fc011fc768961950</sys_scope>
        <sys_update_name>sys_wizard_answer_cca8d6d4db220010fc011fc768961910</sys_update_name>
        <sys_updated_by>admin</sys_updated_by>
        <sys_updated_on>2020-01-20 23:20:44</sys_updated_on>
        <table/>
        <target_url>x_305159_ios_xe_al_iosxe_events.do</target_url>
        <type>1</type>
    </sys_wizard_answer>
</record_update>
