<?xml version="1.0" encoding="UTF-8"?><record_update>
    <sys_ui_section caption="" section_id="aba95e94db220010fc011fc7689619de" sys_domain="global" table="x_305159_ios_xe_al_iosxe_events" version="3" view="">
        <sys_ui_element action="INSERT_OR_UPDATE">
            <element>number</element>
            <position>0</position>
            <sys_created_by>admin</sys_created_by>
            <sys_created_on>2020-02-01 23:36:36</sys_created_on>
            <sys_id>915f0810dbb20010fc011fc7689619c2</sys_id>
            <sys_mod_count>0</sys_mod_count>
            <sys_ui_formatter/>
            <sys_ui_section caption="NULL" display_value="" name="x_305159_ios_xe_al_iosxe_events" sys_domain="global" view="Default view">aba95e94db220010fc011fc7689619de</sys_ui_section>
            <sys_updated_by>admin</sys_updated_by>
            <sys_updated_on>2020-02-01 23:36:36</sys_updated_on>
            <sys_user/>
            <type/>
        </sys_ui_element>
        <sys_ui_element action="INSERT_OR_UPDATE">
            <element>assigned_to</element>
            <position>1</position>
            <sys_created_by>admin</sys_created_by>
            <sys_created_on>2020-02-01 23:36:36</sys_created_on>
            <sys_id>595f0810dbb20010fc011fc7689619c2</sys_id>
            <sys_mod_count>0</sys_mod_count>
            <sys_ui_formatter/>
            <sys_ui_section caption="NULL" display_value="" name="x_305159_ios_xe_al_iosxe_events" sys_domain="global" view="Default view">aba95e94db220010fc011fc7689619de</sys_ui_section>
            <sys_updated_by>admin</sys_updated_by>
            <sys_updated_on>2020-02-01 23:36:36</sys_updated_on>
            <sys_user/>
            <type/>
        </sys_ui_element>
        <sys_ui_element action="INSERT_OR_UPDATE">
            <element>cmdb_ci</element>
            <position>2</position>
            <sys_created_by>admin</sys_created_by>
            <sys_created_on>2020-02-01 23:36:36</sys_created_on>
            <sys_id>d95f0810dbb20010fc011fc7689619c2</sys_id>
            <sys_mod_count>0</sys_mod_count>
            <sys_ui_formatter/>
            <sys_ui_section caption="NULL" display_value="" name="x_305159_ios_xe_al_iosxe_events" sys_domain="global" view="Default view">aba95e94db220010fc011fc7689619de</sys_ui_section>
            <sys_updated_by>admin</sys_updated_by>
            <sys_updated_on>2020-02-01 23:36:36</sys_updated_on>
            <sys_user/>
            <type/>
        </sys_ui_element>
        <sys_ui_element action="INSERT_OR_UPDATE">
            <element>active</element>
            <position>3</position>
            <sys_created_by>admin</sys_created_by>
            <sys_created_on>2020-02-01 23:36:36</sys_created_on>
            <sys_id>5d5f0810dbb20010fc011fc7689619c2</sys_id>
            <sys_mod_count>0</sys_mod_count>
            <sys_ui_formatter/>
            <sys_ui_section caption="NULL" display_value="" name="x_305159_ios_xe_al_iosxe_events" sys_domain="global" view="Default view">aba95e94db220010fc011fc7689619de</sys_ui_section>
            <sys_updated_by>admin</sys_updated_by>
            <sys_updated_on>2020-02-01 23:36:36</sys_updated_on>
            <sys_user/>
            <type/>
        </sys_ui_element>
        <sys_ui_element action="INSERT_OR_UPDATE">
            <element>.split</element>
            <position>4</position>
            <sys_created_by>admin</sys_created_by>
            <sys_created_on>2020-02-01 23:36:36</sys_created_on>
            <sys_id>dd5f0810dbb20010fc011fc7689619c2</sys_id>
            <sys_mod_count>0</sys_mod_count>
            <sys_ui_formatter/>
            <sys_ui_section caption="NULL" display_value="" name="x_305159_ios_xe_al_iosxe_events" sys_domain="global" view="Default view">aba95e94db220010fc011fc7689619de</sys_ui_section>
            <sys_updated_by>admin</sys_updated_by>
            <sys_updated_on>2020-02-01 23:36:36</sys_updated_on>
            <sys_user/>
            <type>.split</type>
        </sys_ui_element>
        <sys_ui_element action="INSERT_OR_UPDATE">
            <element>priority</element>
            <position>5</position>
            <sys_created_by>admin</sys_created_by>
            <sys_created_on>2020-02-01 23:36:36</sys_created_on>
            <sys_id>515f0810dbb20010fc011fc7689619c3</sys_id>
            <sys_mod_count>0</sys_mod_count>
            <sys_ui_formatter/>
            <sys_ui_section caption="NULL" display_value="" name="x_305159_ios_xe_al_iosxe_events" sys_domain="global" view="Default view">aba95e94db220010fc011fc7689619de</sys_ui_section>
            <sys_updated_by>admin</sys_updated_by>
            <sys_updated_on>2020-02-01 23:36:36</sys_updated_on>
            <sys_user/>
            <type/>
        </sys_ui_element>
        <sys_ui_element action="INSERT_OR_UPDATE">
            <element>state</element>
            <position>6</position>
            <sys_created_by>admin</sys_created_by>
            <sys_created_on>2020-02-01 23:36:36</sys_created_on>
            <sys_id>d15f0810dbb20010fc011fc7689619c3</sys_id>
            <sys_mod_count>0</sys_mod_count>
            <sys_ui_formatter/>
            <sys_ui_section caption="NULL" display_value="" name="x_305159_ios_xe_al_iosxe_events" sys_domain="global" view="Default view">aba95e94db220010fc011fc7689619de</sys_ui_section>
            <sys_updated_by>admin</sys_updated_by>
            <sys_updated_on>2020-02-01 23:36:36</sys_updated_on>
            <sys_user/>
            <type/>
        </sys_ui_element>
        <sys_ui_element action="INSERT_OR_UPDATE">
            <element>parent</element>
            <position>7</position>
            <sys_created_by>admin</sys_created_by>
            <sys_created_on>2020-02-01 23:36:36</sys_created_on>
            <sys_id>555f0810dbb20010fc011fc7689619c3</sys_id>
            <sys_mod_count>0</sys_mod_count>
            <sys_ui_formatter/>
            <sys_ui_section caption="NULL" display_value="" name="x_305159_ios_xe_al_iosxe_events" sys_domain="global" view="Default view">aba95e94db220010fc011fc7689619de</sys_ui_section>
            <sys_updated_by>admin</sys_updated_by>
            <sys_updated_on>2020-02-01 23:36:36</sys_updated_on>
            <sys_user/>
            <type/>
        </sys_ui_element>
        <sys_ui_element action="INSERT_OR_UPDATE">
            <element>.end_split</element>
            <position>8</position>
            <sys_created_by>admin</sys_created_by>
            <sys_created_on>2020-02-01 23:36:36</sys_created_on>
            <sys_id>d55f0810dbb20010fc011fc7689619c3</sys_id>
            <sys_mod_count>0</sys_mod_count>
            <sys_ui_formatter/>
            <sys_ui_section caption="NULL" display_value="" name="x_305159_ios_xe_al_iosxe_events" sys_domain="global" view="Default view">aba95e94db220010fc011fc7689619de</sys_ui_section>
            <sys_updated_by>admin</sys_updated_by>
            <sys_updated_on>2020-02-01 23:36:36</sys_updated_on>
            <sys_user/>
            <type>.end_split</type>
        </sys_ui_element>
        <sys_ui_element action="INSERT_OR_UPDATE">
            <element>short_description</element>
            <position>9</position>
            <sys_created_by>admin</sys_created_by>
            <sys_created_on>2020-02-01 23:36:36</sys_created_on>
            <sys_id>595f0810dbb20010fc011fc7689619c3</sys_id>
            <sys_mod_count>0</sys_mod_count>
            <sys_ui_formatter/>
            <sys_ui_section caption="NULL" display_value="" name="x_305159_ios_xe_al_iosxe_events" sys_domain="global" view="Default view">aba95e94db220010fc011fc7689619de</sys_ui_section>
            <sys_updated_by>admin</sys_updated_by>
            <sys_updated_on>2020-02-01 23:36:36</sys_updated_on>
            <sys_user/>
            <type/>
        </sys_ui_element>
        <sys_ui_element action="INSERT_OR_UPDATE">
            <element>description</element>
            <position>10</position>
            <sys_created_by>admin</sys_created_by>
            <sys_created_on>2020-02-01 23:36:36</sys_created_on>
            <sys_id>d95f0810dbb20010fc011fc7689619c3</sys_id>
            <sys_mod_count>0</sys_mod_count>
            <sys_ui_formatter/>
            <sys_ui_section caption="NULL" display_value="" name="x_305159_ios_xe_al_iosxe_events" sys_domain="global" view="Default view">aba95e94db220010fc011fc7689619de</sys_ui_section>
            <sys_updated_by>admin</sys_updated_by>
            <sys_updated_on>2020-02-01 23:36:36</sys_updated_on>
            <sys_user/>
            <type/>
        </sys_ui_element>
        <sys_ui_element action="INSERT_OR_UPDATE">
            <element>work_notes</element>
            <position>11</position>
            <sys_created_by>admin</sys_created_by>
            <sys_created_on>2020-02-01 23:36:36</sys_created_on>
            <sys_id>5d5f0810dbb20010fc011fc7689619c3</sys_id>
            <sys_mod_count>0</sys_mod_count>
            <sys_ui_formatter/>
            <sys_ui_section caption="NULL" display_value="" name="x_305159_ios_xe_al_iosxe_events" sys_domain="global" view="Default view">aba95e94db220010fc011fc7689619de</sys_ui_section>
            <sys_updated_by>admin</sys_updated_by>
            <sys_updated_on>2020-02-01 23:36:36</sys_updated_on>
            <sys_user/>
            <type/>
        </sys_ui_element>
        <sys_ui_section action="INSERT_OR_UPDATE">
            <caption/>
            <header>false</header>
            <name>x_305159_ios_xe_al_iosxe_events</name>
            <roles/>
            <sys_class_name>sys_ui_section</sys_class_name>
            <sys_created_by>admin</sys_created_by>
            <sys_created_on>2020-01-20 23:25:21</sys_created_on>
            <sys_domain>global</sys_domain>
            <sys_domain_path>/</sys_domain_path>
            <sys_id>aba95e94db220010fc011fc7689619de</sys_id>
            <sys_mod_count>0</sys_mod_count>
            <sys_name>x_305159_ios_xe_al_iosxe_events</sys_name>
            <sys_overrides/>
            <sys_package display_value="IOS-XE_Alert" source="x_305159_ios_xe_al">52c51a14db220010fc011fc768961950</sys_package>
            <sys_policy/>
            <sys_scope display_value="IOS-XE_Alert">52c51a14db220010fc011fc768961950</sys_scope>
            <sys_update_name>sys_ui_section_aba95e94db220010fc011fc7689619de</sys_update_name>
            <sys_updated_by>admin</sys_updated_by>
            <sys_updated_on>2020-01-20 23:25:21</sys_updated_on>
            <sys_user/>
            <title>true</title>
            <view display_value="Default view" name="NULL">Default view</view>
            <view_name/>
        </sys_ui_section>
    </sys_ui_section>
</record_update>
