<?xml version="1.0" encoding="UTF-8"?><record_update table="sys_security_acl">
    <sys_security_acl action="INSERT_OR_UPDATE">
        <active>true</active>
        <admin_overrides>true</admin_overrides>
        <advanced>false</advanced>
        <condition/>
        <description>Default access control on x_305159_ios_xe_al_iosxe_events</description>
        <name>x_305159_ios_xe_al_iosxe_events</name>
        <operation display_value="create">create</operation>
        <script/>
        <sys_class_name>sys_security_acl</sys_class_name>
        <sys_created_by>admin</sys_created_by>
        <sys_created_on>2020-01-20 23:20:44</sys_created_on>
        <sys_id>bb9896d4db220010fc011fc7689619f3</sys_id>
        <sys_mod_count>0</sys_mod_count>
        <sys_name>x_305159_ios_xe_al_iosxe_events</sys_name>
        <sys_package display_value="IOS-XE_Alert" source="x_305159_ios_xe_al">52c51a14db220010fc011fc768961950</sys_package>
        <sys_policy/>
        <sys_scope display_value="IOS-XE_Alert">52c51a14db220010fc011fc768961950</sys_scope>
        <sys_update_name>sys_security_acl_bb9896d4db220010fc011fc7689619f3</sys_update_name>
        <sys_updated_by>admin</sys_updated_by>
        <sys_updated_on>2020-01-20 23:20:44</sys_updated_on>
        <type display_value="record">record</type>
    </sys_security_acl>
</record_update>
