<?xml version="1.0" encoding="UTF-8"?><record_update table="sys_db_object">
    <sys_db_object action="INSERT_OR_UPDATE">
        <access>public</access>
        <actions_access>false</actions_access>
        <alter_access>false</alter_access>
        <client_scripts_access>false</client_scripts_access>
        <configuration_access>false</configuration_access>
        <create_access>false</create_access>
        <create_access_controls>true</create_access_controls>
        <delete_access>false</delete_access>
        <extension_model/>
        <is_extendable>false</is_extendable>
        <label>IOSXE-Events</label>
        <live_feed_enabled>false</live_feed_enabled>
        <name>x_305159_ios_xe_al_iosxe_events</name>
        <number_ref display_value="IOS">cca8d6d4db220010fc011fc76896191f</number_ref>
        <provider_class/>
        <read_access>true</read_access>
        <super_class display_value="Task" name="task">01dae995db120010fc011fc7689619f3</super_class>
        <sys_class_code/>
        <sys_class_name>sys_db_object</sys_class_name>
        <sys_class_path/>
        <sys_created_by>admin</sys_created_by>
        <sys_created_on>2020-01-20 23:20:43</sys_created_on>
        <sys_id>12365294db220010fc011fc768961907</sys_id>
        <sys_mod_count>1</sys_mod_count>
        <sys_name>IOSXE-Events</sys_name>
        <sys_package display_value="IOS-XE_Alert" source="x_305159_ios_xe_al">52c51a14db220010fc011fc768961950</sys_package>
        <sys_policy/>
        <sys_scope display_value="IOS-XE_Alert">52c51a14db220010fc011fc768961950</sys_scope>
        <sys_update_name>sys_db_object_12365294db220010fc011fc768961907</sys_update_name>
        <sys_updated_by>admin</sys_updated_by>
        <sys_updated_on>2020-01-20 23:20:45</sys_updated_on>
        <update_access>false</update_access>
        <user_role display_value="x_305159_ios_xe_al.iosxe_events_user" name="x_305159_ios_xe_al.iosxe_events_user">ef9896d4db220010fc011fc7689619d4</user_role>
        <ws_access>true</ws_access>
    </sys_db_object>
</record_update>
