<?xml version="1.0" encoding="UTF-8"?><record_update table="sys_number">
    <sys_number action="INSERT_OR_UPDATE">
        <category display_value="" name="x_305159_ios_xe_al_iosxe_events">x_305159_ios_xe_al_iosxe_events</category>
        <maximum_digits>6</maximum_digits>
        <number>2000</number>
        <prefix>IOS</prefix>
        <sys_class_name>sys_number</sys_class_name>
        <sys_created_by>admin</sys_created_by>
        <sys_created_on>2020-01-20 23:20:45</sys_created_on>
        <sys_id>cca8d6d4db220010fc011fc76896191f</sys_id>
        <sys_mod_count>0</sys_mod_count>
        <sys_name>IOS</sys_name>
        <sys_package display_value="IOS-XE_Alert" source="x_305159_ios_xe_al">52c51a14db220010fc011fc768961950</sys_package>
        <sys_policy/>
        <sys_scope display_value="IOS-XE_Alert">52c51a14db220010fc011fc768961950</sys_scope>
        <sys_update_name>sys_number_cca8d6d4db220010fc011fc76896191f</sys_update_name>
        <sys_updated_by>admin</sys_updated_by>
        <sys_updated_on>2020-01-20 23:20:45</sys_updated_on>
    </sys_number>
</record_update>
