<?xml version="1.0" encoding="UTF-8"?><record_update table="sys_rest_message_headers">
    <sys_rest_message_headers action="INSERT_OR_UPDATE">
        <name>Content-Type</name>
        <rest_message display_value="Cisco Webex Teams Integration">1d451f0edbaa0010fc011fc768961991</rest_message>
        <sys_class_name>sys_rest_message_headers</sys_class_name>
        <sys_created_by>admin</sys_created_by>
        <sys_created_on>2020-01-26 14:22:53</sys_created_on>
        <sys_id>7a561f0edbaa0010fc011fc768961997</sys_id>
        <sys_mod_count>0</sys_mod_count>
        <sys_name>Content-Type</sys_name>
        <sys_package display_value="IOS-XE_Alert" source="x_305159_ios_xe_al">52c51a14db220010fc011fc768961950</sys_package>
        <sys_policy/>
        <sys_scope display_value="IOS-XE_Alert">52c51a14db220010fc011fc768961950</sys_scope>
        <sys_update_name>sys_rest_message_headers_7a561f0edbaa0010fc011fc768961997</sys_update_name>
        <sys_updated_by>admin</sys_updated_by>
        <sys_updated_on>2020-01-26 14:22:53</sys_updated_on>
        <value>application/json</value>
    </sys_rest_message_headers>
</record_update>
