<?xml version="1.0" encoding="UTF-8"?><record_update table="sys_rest_message_fn">
    <sys_rest_message_fn action="INSERT_OR_UPDATE">
        <authentication_type>inherit_from_parent</authentication_type>
        <basic_auth_password/>
        <basic_auth_profile/>
        <basic_auth_user/>
        <content>{&#13;
"roomId":"${roomId}",&#13;
"markdown":"${markdown}"&#13;
}</content>
        <function_name>Create Message</function_name>
        <http_method>post</http_method>
        <lock>false</lock>
        <oauth2_profile/>
        <protocol_name/>
        <qualified_name>Cisco Webex Teams Integration [ Create Message ]</qualified_name>
        <rest_endpoint>https://api.ciscospark.com/v1/messages</rest_endpoint>
        <rest_message display_value="Cisco Webex Teams Integration">1d451f0edbaa0010fc011fc768961991</rest_message>
        <sys_class_name>sys_rest_message_fn</sys_class_name>
        <sys_created_by>admin</sys_created_by>
        <sys_created_on>2020-01-26 18:33:21</sys_created_on>
        <sys_id>29ef88dadb2e0010fc011fc7689619ea</sys_id>
        <sys_mod_count>0</sys_mod_count>
        <sys_name>Create Message</sys_name>
        <sys_package display_value="IOS-XE_Alert" source="x_305159_ios_xe_al">52c51a14db220010fc011fc768961950</sys_package>
        <sys_policy/>
        <sys_scope display_value="IOS-XE_Alert">52c51a14db220010fc011fc768961950</sys_scope>
        <sys_update_name>sys_rest_message_fn_29ef88dadb2e0010fc011fc7689619ea</sys_update_name>
        <sys_updated_by>admin</sys_updated_by>
        <sys_updated_on>2020-01-26 18:33:21</sys_updated_on>
        <use_basic_auth>false</use_basic_auth>
        <use_mid_server/>
        <use_mutual_auth>false</use_mutual_auth>
    </sys_rest_message_fn>
</record_update>
