<?xml version="1.0" encoding="UTF-8"?><record_update table="sys_scope_privilege">
    <sys_scope_privilege action="INSERT_OR_UPDATE">
        <operation>execute</operation>
        <source_scope display_value="IOS-XE_Alert">52c51a14db220010fc011fc768961950</source_scope>
        <status>allowed</status>
        <sys_class_name>sys_scope_privilege</sys_class_name>
        <sys_created_by>admin</sys_created_by>
        <sys_created_on>2020-01-26 14:32:10</sys_created_on>
        <sys_id>803913cedbaa0010fc011fc768961962</sys_id>
        <sys_mod_count>0</sys_mod_count>
        <sys_name>ScriptableRESTMessageClient.setStringParameterNoEscape</sys_name>
        <sys_package display_value="IOS-XE_Alert" source="x_305159_ios_xe_al">52c51a14db220010fc011fc768961950</sys_package>
        <sys_policy/>
        <sys_scope display_value="IOS-XE_Alert">52c51a14db220010fc011fc768961950</sys_scope>
        <sys_update_name>sys_scope_privilege_803913cedbaa0010fc011fc768961962</sys_update_name>
        <sys_updated_by>admin</sys_updated_by>
        <sys_updated_on>2020-01-26 14:32:10</sys_updated_on>
        <target_name>ScriptableRESTMessageClient.setStringParameterNoEscape</target_name>
        <target_scope display_value="Global">global</target_scope>
        <target_type>scriptable</target_type>
    </sys_scope_privilege>
</record_update>
