<?xml version="1.0" encoding="UTF-8"?><record_update sys_domain="global" table="sys_ui_application">
    <sys_ui_application action="INSERT_OR_UPDATE">
        <active>true</active>
        <hint/>
        <name>IOSXE-Events</name>
        <order/>
        <roles>x_305159_ios_xe_al.iosxe_events_user</roles>
        <sys_class_name>sys_ui_application</sys_class_name>
        <sys_created_by>admin</sys_created_by>
        <sys_created_on>2020-01-20 23:20:43</sys_created_on>
        <sys_domain>global</sys_domain>
        <sys_domain_path>/</sys_domain_path>
        <sys_id>b79896d4db220010fc011fc7689619e2</sys_id>
        <sys_mod_count>0</sys_mod_count>
        <sys_name>IOSXE-Events</sys_name>
        <sys_overrides/>
        <sys_package display_value="IOS-XE_Alert" source="x_305159_ios_xe_al">52c51a14db220010fc011fc768961950</sys_package>
        <sys_policy/>
        <sys_scope display_value="IOS-XE_Alert">52c51a14db220010fc011fc768961950</sys_scope>
        <sys_update_name>sys_ui_application_b79896d4db220010fc011fc7689619e2</sys_update_name>
        <sys_updated_by>admin</sys_updated_by>
        <sys_updated_on>2020-01-20 23:20:43</sys_updated_on>
    </sys_ui_application>
</record_update>
