<?xml version="1.0" encoding="UTF-8"?><record_update>
    <sys_documentation element="" label="IOSXE-Events" language="en" table="x_305159_ios_xe_al_iosxe_events">
        <sys_documentation action="INSERT_OR_UPDATE">
            <element/>
            <help/>
            <hint/>
            <label>IOSXE-Events</label>
            <language>en</language>
            <name>x_305159_ios_xe_al_iosxe_events</name>
            <plural>IOSXE-Events</plural>
            <sys_class_name>sys_documentation</sys_class_name>
            <sys_created_by>admin</sys_created_by>
            <sys_created_on>2020-01-20 23:20:44</sys_created_on>
            <sys_id>88a8d6d4db220010fc011fc768961912</sys_id>
            <sys_mod_count>0</sys_mod_count>
            <sys_name>IOSXE-Events</sys_name>
            <sys_package display_value="IOS-XE_Alert" source="x_305159_ios_xe_al">52c51a14db220010fc011fc768961950</sys_package>
            <sys_policy/>
            <sys_scope display_value="IOS-XE_Alert">52c51a14db220010fc011fc768961950</sys_scope>
            <sys_update_name>sys_documentation_x_305159_ios_xe_al_iosxe_events__en</sys_update_name>
            <sys_updated_by>admin</sys_updated_by>
            <sys_updated_on>2020-01-20 23:20:44</sys_updated_on>
            <url/>
            <url_target/>
        </sys_documentation>
    </sys_documentation>
</record_update>
