<?xml version="1.0" encoding="UTF-8"?><record_update sys_domain="global" table="sys_script">
    <sys_script action="INSERT_OR_UPDATE">
        <abort_action>false</abort_action>
        <access>package_private</access>
        <action_delete>false</action_delete>
        <action_insert>true</action_insert>
        <action_query>false</action_query>
        <action_update>false</action_update>
        <active>true</active>
        <add_message>false</add_message>
        <advanced>true</advanced>
        <change_fields>false</change_fields>
        <client_callable>false</client_callable>
        <collection>x_305159_ios_xe_al_iosxe_events</collection>
        <condition/>
        <description/>
        <execute_function>false</execute_function>
        <filter_condition/>
        <is_rest>false</is_rest>
        <message/>
        <name>SNOW Bot for Webex Teams</name>
        <order>100</order>
        <priority>100</priority>
        <rest_method/>
        <rest_method_text/>
        <rest_service/>
        <rest_service_text/>
        <rest_variables/>
        <role_conditions/>
        <script><![CDATA[(function executeRule(current, previous /*null when async*/) {
    
try { 
    // gs.info sends a message to the application log
    gs.info("Message sent to Webex Teams from IOSXE");
    
    // Update or Insert occured
    
    var gr = new GlideRecord('task');
	var table = current.sys_class_name;  //table
	var number = current.number; //ticket number
	var sysid = current.sys_id;  //record id
    
	var alertmsg = "<@personEmail:pselker@cisco.com> ALERT router HRN57 CRITICAL failure ALERT -->  See ServiceNow ticket [" + number + "](https://dev76181.service-now.com/nav_to.do?uri=%2F" + table + ".do%3Fsys_id%3" + sysid + "%26sysparm_query=number=" + number + ") for details.  Start an instant meeting by clicking the Green Meet icon at the top right of the Webex Teams client";
		
	var restClient = new sn_ws.RESTMessageV2('Cisco Webex Teams Integration', 'Create Message');
    
    // hard code roomid
    restClient.setStringParameter('roomId','Y2lzY29zcGFyazovL3VzL1JPT00vMmMwYjg3YjAtNDAzYy0xMWVhLThmM2ItZTkxZTEwMDQ4ZTNk');
    restClient.setStringParameterNoEscape('markdown', alertmsg);

 var response = restClient.execute();
 var responseBody = response.getBody();
 var httpStatus = response.getStatusCode();
}
catch(ex) {
 var message = ex.getMessage();
}

})(current, previous);
]]></script>
        <sys_class_name>sys_script</sys_class_name>
        <sys_created_by>admin</sys_created_by>
        <sys_created_on>2020-01-20 23:37:08</sys_created_on>
        <sys_domain>global</sys_domain>
        <sys_domain_path>/</sys_domain_path>
        <sys_id>63aa1258db220010fc011fc7689619c9</sys_id>
        <sys_mod_count>21</sys_mod_count>
        <sys_name>SNOW Bot for Webex Teams</sys_name>
        <sys_overrides/>
        <sys_package display_value="IOS-XE_Alert" source="x_305159_ios_xe_al">52c51a14db220010fc011fc768961950</sys_package>
        <sys_policy/>
        <sys_scope display_value="IOS-XE_Alert">52c51a14db220010fc011fc768961950</sys_scope>
        <sys_update_name>sys_script_63aa1258db220010fc011fc7689619c9</sys_update_name>
        <sys_updated_by>admin</sys_updated_by>
        <sys_updated_on>2020-02-10 23:46:34</sys_updated_on>
        <template/>
        <when>async</when>
    </sys_script>
    <sys_translated_text action="delete_multiple" query="documentkey=63aa1258db220010fc011fc7689619c9"/>
</record_update>
