<?xml version="1.0" encoding="UTF-8"?><record_update table="sys_embedded_help_role">
    <sys_embedded_help_role action="INSERT_OR_UPDATE">
        <order>1000</order>
        <role display_value="x_305159_ios_xe_al.iosxe_events_user" name="x_305159_ios_xe_al.iosxe_events_user">ef9896d4db220010fc011fc7689619d4</role>
        <sys_class_name>sys_embedded_help_role</sys_class_name>
        <sys_created_by>admin</sys_created_by>
        <sys_created_on>2020-01-20 23:20:43</sys_created_on>
        <sys_id>679896d4db220010fc011fc7689619d7</sys_id>
        <sys_mod_count>0</sys_mod_count>
        <sys_name>ef9896d4db220010fc011fc7689619d4</sys_name>
        <sys_package display_value="IOS-XE_Alert" source="x_305159_ios_xe_al">52c51a14db220010fc011fc768961950</sys_package>
        <sys_policy/>
        <sys_scope display_value="IOS-XE_Alert">52c51a14db220010fc011fc768961950</sys_scope>
        <sys_update_name>sys_embedded_help_role_679896d4db220010fc011fc7689619d7</sys_update_name>
        <sys_updated_by>admin</sys_updated_by>
        <sys_updated_on>2020-01-20 23:20:43</sys_updated_on>
    </sys_embedded_help_role>
</record_update>
