<?xml version="1.0" encoding="UTF-8"?><record_update sys_domain="global" table="sys_app_application">
    <sys_app_application action="INSERT_OR_UPDATE">
        <active>true</active>
        <category display_value="Custom Applications">e0355b31ef303000a61d5a3615c0fb78</category>
        <description/>
        <device_type>browser</device_type>
        <hint/>
        <name>IOSXE-Events</name>
        <order>100</order>
        <roles>x_305159_ios_xe_al.iosxe_events_user</roles>
        <sys_class_name>sys_app_application</sys_class_name>
        <sys_created_by>admin</sys_created_by>
        <sys_created_on>2020-01-20 23:20:43</sys_created_on>
        <sys_domain>global</sys_domain>
        <sys_domain_path>/</sys_domain_path>
        <sys_id>b39896d4db220010fc011fc7689619dd</sys_id>
        <sys_mod_count>0</sys_mod_count>
        <sys_name>IOSXE-Events</sys_name>
        <sys_overrides/>
        <sys_package display_value="IOS-XE_Alert" source="x_305159_ios_xe_al">52c51a14db220010fc011fc768961950</sys_package>
        <sys_policy/>
        <sys_scope display_value="IOS-XE_Alert">52c51a14db220010fc011fc768961950</sys_scope>
        <sys_update_name>sys_app_application_b39896d4db220010fc011fc7689619dd</sys_update_name>
        <sys_updated_by>admin</sys_updated_by>
        <sys_updated_on>2020-01-20 23:20:43</sys_updated_on>
        <title>IOSXE-Events</title>
        <view_name/>
    </sys_app_application>
</record_update>
