<?xml version="1.0" encoding="UTF-8"?><record_update>
    <sys_dictionary action="INSERT_OR_UPDATE" element="u_file_attachment_2" table="x_305159_ios_xe_al_iosxe_events">
        <active>true</active>
        <array>false</array>
        <array_denormalized>false</array_denormalized>
        <attributes/>
        <audit>false</audit>
        <calculation/>
        <choice>0</choice>
        <choice_field/>
        <choice_table/>
        <column_label>New File Attachment</column_label>
        <comments/>
        <create_roles/>
        <default_value/>
        <defaultsort/>
        <delete_roles/>
        <dependent/>
        <dependent_on_field/>
        <display>false</display>
        <dynamic_creation>false</dynamic_creation>
        <dynamic_creation_script/>
        <dynamic_default_value/>
        <dynamic_ref_qual/>
        <element>u_file_attachment_2</element>
        <element_reference>false</element_reference>
        <foreign_database/>
        <function_definition/>
        <function_field>false</function_field>
        <internal_type display_value="">file_attachment</internal_type>
        <mandatory>false</mandatory>
        <max_length>40</max_length>
        <name>x_305159_ios_xe_al_iosxe_events</name>
        <next_element/>
        <primary>false</primary>
        <read_only>false</read_only>
        <read_roles/>
        <reference/>
        <reference_cascade_rule/>
        <reference_floats>false</reference_floats>
        <reference_key/>
        <reference_qual/>
        <reference_qual_condition/>
        <reference_type/>
        <sizeclass/>
        <spell_check>false</spell_check>
        <staged>false</staged>
        <sys_class_name>sys_dictionary</sys_class_name>
        <sys_created_by>admin</sys_created_by>
        <sys_created_on>2020-01-26 21:08:35</sys_created_on>
        <sys_id>7ae3f492dbae0010fc011fc76896190d</sys_id>
        <sys_mod_count>0</sys_mod_count>
        <sys_name>New File Attachment</sys_name>
        <sys_package display_value="IOS-XE_Alert" source="x_305159_ios_xe_al">52c51a14db220010fc011fc768961950</sys_package>
        <sys_policy/>
        <sys_scope display_value="IOS-XE_Alert">52c51a14db220010fc011fc768961950</sys_scope>
        <sys_update_name>sys_dictionary_x_305159_ios_xe_al_iosxe_events_u_file_attachment_2</sys_update_name>
        <sys_updated_by>admin</sys_updated_by>
        <sys_updated_on>2020-01-26 21:08:35</sys_updated_on>
        <table_reference>false</table_reference>
        <text_index>false</text_index>
        <unique>false</unique>
        <use_dependent_field>false</use_dependent_field>
        <use_dynamic_default>false</use_dynamic_default>
        <use_reference_qualifier>simple</use_reference_qualifier>
        <virtual>false</virtual>
        <widget/>
        <write_roles/>
        <xml_view>false</xml_view>
    </sys_dictionary>
</record_update>
