<?xml version="1.0" encoding="UTF-8"?><record_update table="sys_security_acl_role">
    <sys_security_acl_role action="INSERT_OR_UPDATE">
        <sys_class_name>sys_security_acl_role</sys_class_name>
        <sys_created_by>admin</sys_created_by>
        <sys_created_on>2020-01-20 23:20:44</sys_created_on>
        <sys_id>f79896d4db220010fc011fc7689619fc</sys_id>
        <sys_mod_count>0</sys_mod_count>
        <sys_name>x_305159_ios_xe_al_iosxe_events.x_305159_ios_xe_al.iosxe_events_user</sys_name>
        <sys_package display_value="IOS-XE_Alert" source="x_305159_ios_xe_al">52c51a14db220010fc011fc768961950</sys_package>
        <sys_policy/>
        <sys_scope display_value="IOS-XE_Alert">52c51a14db220010fc011fc768961950</sys_scope>
        <sys_security_acl display_value="x_305159_ios_xe_al_iosxe_events">bf9896d4db220010fc011fc7689619f9</sys_security_acl>
        <sys_update_name>sys_security_acl_role_f79896d4db220010fc011fc7689619fc</sys_update_name>
        <sys_updated_by>admin</sys_updated_by>
        <sys_updated_on>2020-01-20 23:20:44</sys_updated_on>
        <sys_user_role display_value="x_305159_ios_xe_al.iosxe_events_user" name="x_305159_ios_xe_al.iosxe_events_user">ef9896d4db220010fc011fc7689619d4</sys_user_role>
        <transaction_id/>
    </sys_security_acl_role>
</record_update>
