<?xml version="1.0" encoding="UTF-8"?><record_update table="sys_rest_message_fn_parameters">
    <sys_rest_message_fn_parameters action="INSERT_OR_UPDATE">
        <name>roomId</name>
        <rest_message_function display_value="Create Message">29ef88dadb2e0010fc011fc7689619ea</rest_message_function>
        <sys_class_name>sys_rest_message_fn_parameters</sys_class_name>
        <sys_created_by>admin</sys_created_by>
        <sys_created_on>2020-01-26 18:38:06</sys_created_on>
        <sys_id>ea71d4dedb2e0010fc011fc7689619b4</sys_id>
        <sys_mod_count>0</sys_mod_count>
        <sys_name>roomId</sys_name>
        <sys_package display_value="IOS-XE_Alert" source="x_305159_ios_xe_al">52c51a14db220010fc011fc768961950</sys_package>
        <sys_policy/>
        <sys_scope display_value="IOS-XE_Alert">52c51a14db220010fc011fc768961950</sys_scope>
        <sys_update_name>sys_rest_message_fn_parameters_ea71d4dedb2e0010fc011fc7689619b4</sys_update_name>
        <sys_updated_by>admin</sys_updated_by>
        <sys_updated_on>2020-01-26 18:38:06</sys_updated_on>
        <type>string</type>
        <value/>
    </sys_rest_message_fn_parameters>
</record_update>
