<?xml version="1.0" encoding="UTF-8"?><record_update table="sys_rest_message_headers">
    <sys_rest_message_headers action="INSERT_OR_UPDATE">
        <name>Authorization</name>
        <rest_message display_value="Cisco Webex Teams Integration">1d451f0edbaa0010fc011fc768961991</rest_message>
        <sys_class_name>sys_rest_message_headers</sys_class_name>
        <sys_created_by>admin</sys_created_by>
        <sys_created_on>2020-01-26 14:22:53</sys_created_on>
        <sys_id>b145dfcadbaa0010fc011fc768961944</sys_id>
        <sys_mod_count>0</sys_mod_count>
        <sys_name>Authorization</sys_name>
        <sys_package display_value="IOS-XE_Alert" source="x_305159_ios_xe_al">52c51a14db220010fc011fc768961950</sys_package>
        <sys_policy/>
        <sys_scope display_value="IOS-XE_Alert">52c51a14db220010fc011fc768961950</sys_scope>
        <sys_update_name>sys_rest_message_headers_b145dfcadbaa0010fc011fc768961944</sys_update_name>
        <sys_updated_by>admin</sys_updated_by>
        <sys_updated_on>2020-01-26 14:22:53</sys_updated_on>
        <value>Bearer  NWViYzUxYjktZTU1Zi00MzBjLThjNDgtY2QxNzBiNGU4N2Y2MjgzMjY2ZDctNzdj_PF84_1eb65fdf-9643-417f-9974-ad72cae0e10f</value>
    </sys_rest_message_headers>
</record_update>
