<?xml version="1.0" encoding="UTF-8"?><record_update table="ua_table_licensing_config">
    <ua_table_licensing_config action="INSERT_OR_UPDATE">
        <is_fulfillment>false</is_fulfillment>
        <license_condition/>
        <license_model>none</license_model>
        <license_roles/>
        <name>x_305159_ios_xe_al_iosxe_events</name>
        <op_delete>true</op_delete>
        <op_insert>true</op_insert>
        <op_update>true</op_update>
        <owner_condition/>
        <sys_class_name>ua_table_licensing_config</sys_class_name>
        <sys_created_by>admin</sys_created_by>
        <sys_created_on>2020-01-20 23:20:44</sys_created_on>
        <sys_id>c0a8d6d4db220010fc011fc76896191a</sys_id>
        <sys_mod_count>0</sys_mod_count>
        <sys_name>x_305159_ios_xe_al_iosxe_events</sys_name>
        <sys_package display_value="IOS-XE_Alert" source="x_305159_ios_xe_al">52c51a14db220010fc011fc768961950</sys_package>
        <sys_policy/>
        <sys_scope display_value="IOS-XE_Alert">52c51a14db220010fc011fc768961950</sys_scope>
        <sys_update_name>ua_table_licensing_config_c0a8d6d4db220010fc011fc76896191a</sys_update_name>
        <sys_updated_by>admin</sys_updated_by>
        <sys_updated_on>2020-01-20 23:20:44</sys_updated_on>
    </ua_table_licensing_config>
</record_update>
